Comment,Designator,Footprint,LCSC,Quantity
100nF,"C1,C3",C_0603,C14663,2
10kΩ,"R1,R10,R2,R3,R4,R6,R9",R_0603,C25804,7
10uF,"C16,C18",C_0603,C19702,2
12pF,"C4,C5",C_0603,C38523,2
1kΩ,"R12,R15,R16,R17,R18,R19,R20,R21,R22,R23,R24,R25,R26,R27,R28,R29,R7",R_0603,C21190,17
AMS1117,U4,SOT-223-3_L6.5-W3.4-P2.30-LS7.0-BR,C6186,1
Red,"D10,D11,D12,D13,D14,D15,D16,D17,D18,D2,D3,D4,D5,D6,D7,D8,D9",D_0603,C2286,17
SN74CB3Q3384APW,U1,TSSOP-24_4.4x7.8mm_P0.65mm,C469874,1
"Tactile Button, 160gf",S1,SW_TS-1088-AR02016,C720477,1
X322525MOB4SI,X1,OSC-SMD_4P-L3.2-W2.5-BL,C9006,1
CH32V003FxPx,U3,TSSOP-20_4.4x6.5mm_P0.65mm,,1
Chainbus Out,J2,PinSocket_2x16_P2.54mm_Vertical_SMD,,1
~,H8,Hole_Tooling_JLCPCB,,1
~,H7,Hole_Tooling_JLCPCB,,1
~,H9,Hole_Tooling_JLCPCB,,1
Program,J5,PinHeader_1x03_P2.54mm_Vertical,,1
Chainbus in,J1,PinHeader_2x16_P2.54mm_Vertical_SMD,,1
