Designator,Val,Package,Mid X,Mid Y,Rotation,Layer
C1,100nF,C_0603,149.05,-106.2,90.0,top
C16,10uF,C_0603,96.84,-94.585,0.0,top
C18,10uF,C_0603,96.94,-96.885,0.0,top
C3,100nF,C_0603,158.63,-97.86,0.0,top
C4,12pF,C_0603,162.51,-95.26,90.0,top
C5,12pF,C_0603,157.81,-95.16,-90.0,top
D10,Red,D_0603,121.7,-131.5,-90.0,top
D11,Red,D_0603,127.8,-131.5,-90.0,top
D12,Red,D_0603,129.8,-131.5,-90.0,top
D13,Red,D_0603,131.8,-131.5,-90.0,top
D14,Red,D_0603,133.8,-131.5,-90.0,top
D15,Red,D_0603,135.8,-131.5,-90.0,top
D16,Red,D_0603,137.8,-131.5,-90.0,top
D17,Red,D_0603,139.8,-131.5,-90.0,top
D18,Red,D_0603,141.8,-131.5,-90.0,top
D2,Red,D_0603,107.7,-131.5,-90.0,top
D3,Red,D_0603,176.165,-98.005,0.0,top
D4,Red,D_0603,109.7,-131.5,-90.0,top
D5,Red,D_0603,111.7,-131.5,-90.0,top
D6,Red,D_0603,113.7,-131.5,-90.0,top
D7,Red,D_0603,115.7,-131.5,-90.0,top
D8,Red,D_0603,117.7,-131.5,-90.0,top
D9,Red,D_0603,119.7,-131.5,-90.0,top
G***,LOGO,QR,172.450157,-98.838709,0.0,bottom
H1,M2.5 Mount,MountingHole_2.7mm_M2.5_DIN965_Pad_TopOnly,82.0,-92.0,0.0,top
H2,M2.5 mount,MountingHole_2.7mm_M2.5,174.0,-134.0,0.0,top
H3,M2.5 mount,MountingHole_2.7mm_M2.5,82.0,-134.0,0.0,top
H4,M2.5 mount,MountingHole_2.7mm_M2.5,174.0,-92.0,0.0,top
H5,M2.5 mount,MountingHole_2.7mm_M2.5,103.0,-94.0,0.0,top
H6,M2.5 mount,MountingHole_2.7mm_M2.5,153.0,-94.0,0.0,top
H7,~,Hole_Tooling_JLCPCB,79.0,-89.5,0.0,top
H8,~,Hole_Tooling_JLCPCB,177.0,-89.485,0.0,top
H9,~,Hole_Tooling_JLCPCB,177.0,-137.0,0.0,top
J1,Chainbus in,PinHeader_2x16_P2.54mm_Vertical_SMD,127.99,-95.538272,270.0,bottom
J2,Chainbus Out,PinSocket_2x16_P2.54mm_Vertical_SMD,128.0,-95.558272,90.0,top
J5,Program,PinHeader_1x03_P2.54mm_Vertical,161.1,-108.92,-90.0,top
R1,10kΩ,R_0603,150.694704,-100.960539,90.0,top
R10,10kΩ,R_0603,168.8,-102.1,90.0,top
R12,1kΩ,R_0603,107.7,-128.5,90.0,top
R15,1kΩ,R_0603,109.7,-128.5,90.0,top
R16,1kΩ,R_0603,111.7,-128.5,90.0,top
R17,1kΩ,R_0603,113.7,-128.5,90.0,top
R18,1kΩ,R_0603,115.7,-128.5,90.0,top
R19,1kΩ,R_0603,117.7,-128.5,90.0,top
R2,10kΩ,R_0603,154.694704,-100.960539,-90.0,top
R20,1kΩ,R_0603,119.7,-128.5,90.0,top
R21,1kΩ,R_0603,121.7,-128.5,90.0,top
R22,1kΩ,R_0603,127.8,-128.5,90.0,top
R23,1kΩ,R_0603,129.8,-128.5,90.0,top
R24,1kΩ,R_0603,131.8,-128.5,90.0,top
R25,1kΩ,R_0603,133.8,-128.5,90.0,top
R26,1kΩ,R_0603,135.8,-128.5,90.0,top
R27,1kΩ,R_0603,137.8,-128.5,90.0,top
R28,1kΩ,R_0603,139.8,-128.5,90.0,top
R29,1kΩ,R_0603,141.8,-128.5,90.0,top
R3,10kΩ,R_0603,155.9,-108.8,-90.0,top
R4,10kΩ,R_0603,156.2,-99.0,-90.0,top
R6,10kΩ,R_0603,153.0,-106.0,-90.0,top
R7,1kΩ,R_0603,173.1,-98.0,0.0,top
R9,10kΩ,R_0603,151.6,-106.0,-90.0,top
S1,"Tactile Button, 160gf",SW_TS-1088-AR02016,173.7,-102.3,0.0,top
U1,SN74CB3Q3384APW,TSSOP-24_4.4x7.8mm_P0.65mm,144.3,-104.2,-90.0,top
U3,CH32V003FxPx,TSSOP-20_4.4x6.5mm_P0.65mm,160.53,-102.56,-90.0,top
U4,AMS1117,SOT-223-3_L6.5-W3.4-P2.30-LS7.0-BR,91.025,-96.885,0.0,top
X1,X322525MOB4SI,OSC-SMD_4P-L3.2-W2.5-BL,160.31,-95.16,-90.0,top
